City_ID,City,Country,Lat,Lng,Max Temp,Humidity,Cloudiness,Wind Speed,Current Description
0,Hermanus,ZA,-34.42,19.23,52.0,78,65,5.01,light rain
1,San Jeronimo,PE,-11.95,-75.28,68.63,24,11,3.8,few clouds
2,Mirnyy,RU,62.54,113.96,50.0,53,100,6.71,overcast clouds
3,Cape Town,ZA,-33.93,18.42,54.0,87,20,5.82,few clouds
4,Tuktoyaktuk,CA,69.45,-133.04,48.2,66,20,12.75,few clouds
5,Yellowknife,CA,62.46,-114.35,55.4,76,75,11.41,shower rain
6,Punta Arenas,CL,-53.15,-70.92,33.01,90,20,31.09,few clouds
7,New Norfolk,AU,-42.78,147.06,54.0,64,100,4.0,overcast clouds
8,Poronaysk,RU,49.22,143.12,54.7,92,100,7.56,overcast clouds
9,Hobart,AU,-42.88,147.33,54.0,58,100,17.22,overcast clouds
10,Te Anau,NZ,-45.42,167.72,37.99,83,6,5.86,clear sky
11,Bambanglipuro,ID,-7.95,110.28,75.6,84,9,10.33,clear sky
12,Santana Do Paraiso,BR,-19.36,-42.57,78.73,49,0,6.85,clear sky
13,Opuwo,NA,-18.06,13.84,61.83,31,0,8.88,clear sky
14,Ambon,ID,-3.7,128.18,78.8,83,40,6.93,scattered clouds
15,Vao,NC,-22.67,167.48,67.53,91,99,20.62,overcast clouds
16,Gravdal,NO,68.12,13.5,46.4,87,75,2.24,shower rain
17,Grand-Lahou,CI,5.14,-5.02,75.27,89,99,9.13,overcast clouds
18,Road Town,VG,18.42,-64.62,87.8,70,40,9.17,scattered clouds
19,North Platte,US,41.12,-100.77,87.8,35,1,20.8,clear sky
20,Ostrovnoy,RU,68.05,39.51,44.92,76,15,5.59,few clouds
21,Faya,SA,18.39,42.45,71.6,88,0,5.82,clear sky
22,Kavaratti,IN,10.57,72.64,82.09,77,100,6.89,light rain
23,Vaini,TO,-21.2,-175.2,73.4,88,75,10.29,broken clouds
24,Talavera De La Reina,ES,39.96,-4.83,87.01,17,0,14.67,clear sky
25,Busselton,AU,-33.65,115.33,48.99,70,7,15.7,clear sky
26,Avera,US,33.19,-82.53,89.6,66,75,5.82,broken clouds
27,Ushuaia,AR,-54.8,-68.3,32.0,84,75,23.04,snow
28,Cherskiy,RU,68.75,161.3,38.68,92,66,5.86,broken clouds
29,Korla,CN,41.76,86.15,66.88,41,96,17.98,overcast clouds
30,Ancud,CL,-41.87,-73.82,46.99,70,40,8.05,scattered clouds
31,Clyde River,CA,70.47,-68.59,51.8,62,20,12.75,few clouds
32,Castro,BR,-24.79,-50.01,76.05,49,0,4.65,clear sky
33,Ouallam,NE,14.32,2.09,88.56,52,12,10.09,few clouds
34,Saint-Philippe,RE,-21.36,55.77,69.8,73,90,3.36,overcast clouds
35,Mount Gambier,AU,-37.83,140.77,42.8,100,0,6.93,clear sky
36,Leningradskiy,RU,69.38,178.42,37.54,94,100,3.94,overcast clouds
37,Mae Ramat,TH,16.98,98.52,73.08,93,100,1.19,overcast clouds
38,Port Elizabeth,ZA,-33.92,25.57,57.2,71,0,11.41,clear sky
39,Atagay,RU,55.1,99.39,50.97,90,100,1.79,overcast clouds
40,Qandala,SO,11.47,49.87,89.98,51,100,1.39,overcast clouds
41,Meiktila,MM,20.87,95.87,77.74,85,100,10.25,overcast clouds
42,Rikitea,PF,-23.12,-134.97,68.14,67,0,3.62,clear sky
43,Provideniya,RU,64.38,-173.3,50.16,74,88,1.32,overcast clouds
44,Georgetown,MY,5.41,100.34,80.6,88,20,1.57,few clouds
45,Westport,US,41.14,-73.36,87.01,57,20,8.05,few clouds
46,Aksu,CN,41.12,80.26,73.35,32,91,9.93,light rain
47,Ust-Tsilma,RU,65.44,52.15,44.87,86,20,3.02,few clouds
48,Floro,NO,61.6,5.03,60.8,67,40,6.93,shower rain
49,Kragero,NO,58.87,9.41,57.2,71,40,5.82,scattered clouds
50,Mataura,NZ,-46.19,168.86,45.0,72,2,11.01,clear sky
51,Albany,US,42.6,-73.97,78.01,63,52,9.73,broken clouds
52,Nikolskoye,RU,59.7,30.79,57.2,87,75,6.71,broken clouds
53,Grindavik,IS,63.84,-22.43,50.0,93,75,13.87,light intensity shower rain
54,Partur,IN,19.6,76.22,73.42,90,100,13.82,overcast clouds
55,Bredasdorp,ZA,-34.53,20.04,51.8,76,0,10.29,clear sky
56,Homer,US,59.64,-151.55,54.0,100,90,6.93,fog
57,Bereda,ES,43.27,-7.54,63.0,77,0,8.01,clear sky
58,Buraydah,SA,26.33,43.98,96.8,20,0,12.75,clear sky
59,Pevek,RU,69.7,170.31,39.87,86,25,3.67,scattered clouds
60,La Palma,US,33.85,-118.05,86.0,42,1,4.7,clear sky
61,Cayenne,GF,4.93,-52.33,78.8,94,28,3.36,light rain
62,Srednekolymsk,RU,67.45,153.68,41.97,95,100,4.76,light rain
63,Kaspiyskiy,RU,45.39,47.37,72.37,77,100,2.8,overcast clouds
64,Midland,US,32.0,-102.08,100.0,19,1,9.17,clear sky
65,Freeport,US,40.66,-73.58,89.01,54,40,12.75,scattered clouds
66,Qaanaaq,GL,77.48,-69.36,39.92,88,100,8.23,light rain
67,Chokurdakh,RU,70.63,147.92,37.22,91,99,6.87,overcast clouds
68,Homestead,US,25.47,-80.48,93.2,59,75,9.17,broken clouds
69,Djibo,BF,14.1,-1.63,86.49,54,0,4.99,clear sky
70,Touros,BR,-5.2,-35.46,84.2,62,40,12.75,scattered clouds
71,Sao Filipe,CV,14.9,-24.5,79.43,82,100,1.79,light rain
72,Bengkulu,ID,-3.8,102.27,76.06,84,95,7.16,overcast clouds
73,Mezen,RU,65.85,44.24,42.3,76,0,5.14,clear sky
74,Cullman,US,34.17,-86.84,80.6,78,75,12.75,broken clouds
75,Thinadhoo,MV,0.53,72.93,80.4,75,100,11.83,overcast clouds
76,Airai,TL,-8.93,125.41,56.19,87,17,4.21,few clouds
77,Khasan,RU,42.43,130.64,71.58,96,90,5.35,light rain
78,Souillac,MU,-20.52,57.52,71.6,73,20,10.29,few clouds
79,Camacha,PT,33.08,-16.33,75.2,73,40,14.99,scattered clouds
80,Bubaque,GW,11.28,-15.83,80.96,78,100,17.4,light rain
81,Kurilsk,RU,45.23,147.88,60.6,94,100,9.44,light rain
82,Kapaa,US,22.08,-159.32,80.01,88,90,4.7,moderate rain
83,Atuona,PF,-9.8,-139.03,77.74,80,29,22.82,light rain
84,Chaman,PK,30.92,66.45,66.31,22,0,3.36,clear sky
85,Lima,PE,-12.04,-77.03,64.4,77,90,10.29,overcast clouds
86,Dikson,RU,73.51,80.55,49.57,80,12,10.33,few clouds
87,Anloga,GH,5.79,0.9,77.0,88,20,13.87,few clouds
88,Winslow,US,35.02,-110.7,93.2,20,1,3.36,clear sky
89,Port Alfred,ZA,-33.59,26.89,58.19,68,4,6.49,clear sky
90,Hilo,US,19.73,-155.09,78.8,65,1,4.7,clear sky
91,Luderitz,NA,-26.65,15.16,56.79,75,0,9.82,clear sky
92,Bystryy Istok,RU,52.37,84.39,53.89,95,0,3.24,clear sky
93,Aklavik,CA,68.22,-135.01,50.0,66,40,3.36,scattered clouds
94,Beringovskiy,RU,63.05,179.32,50.59,85,98,12.55,light rain
95,Arraial Do Cabo,BR,-22.97,-42.03,78.8,69,0,23.04,clear sky
96,Ahipara,NZ,-35.17,173.17,51.87,86,9,6.78,clear sky
97,Hailar,CN,49.2,119.7,51.93,95,100,10.22,moderate rain
98,Hithadhoo,MV,-0.6,73.08,80.19,68,100,11.03,overcast clouds
99,Bethel,US,41.37,-73.41,82.99,54,75,8.05,broken clouds
100,Gbadolite,CD,4.28,21.02,72.9,94,100,3.18,moderate rain
101,Norman Wells,CA,65.28,-126.83,50.0,66,90,16.11,overcast clouds
102,Trincomalee,LK,8.57,81.23,80.44,75,90,10.31,overcast clouds
103,Wilmington,US,34.23,-77.94,93.99,55,1,8.05,clear sky
104,Samarai,PG,-10.62,150.67,78.15,87,86,11.97,moderate rain
105,Springdale,US,36.19,-94.13,91.4,49,20,11.41,few clouds
106,Hasaki,JP,35.73,140.83,77.0,100,20,4.7,few clouds
107,Los Llanos De Aridane,ES,28.66,-17.92,82.0,83,20,14.99,few clouds
108,Gijon,ES,43.54,-5.66,66.99,65,14,5.99,few clouds
109,Erzincan,TR,39.75,39.5,77.0,27,0,13.87,clear sky
110,Lorengau,PG,-2.02,147.27,82.99,76,66,11.83,light rain
111,Ixtapa,MX,20.7,-105.2,82.99,78,90,3.42,overcast clouds
112,Henties Bay,NA,-22.12,14.28,55.99,83,0,3.0,clear sky
113,Nardaran,AZ,40.56,50.01,69.8,73,22,2.3,few clouds
114,Hualmay,PE,-11.1,-77.61,67.64,67,13,11.18,few clouds
115,East London,ZA,-33.02,27.91,57.2,76,100,6.93,overcast clouds
116,La Ronge,CA,55.1,-105.28,59.0,82,90,9.17,overcast clouds
117,Kropotkin,RU,45.44,40.58,68.56,67,0,6.26,clear sky
118,Ewa Beach,US,21.32,-158.01,80.6,69,75,4.7,broken clouds
119,Tasiilaq,GL,65.61,-37.64,42.8,75,75,4.7,broken clouds
120,Kralendijk,BQ,12.15,-68.27,89.6,62,1,18.34,clear sky
121,Tazovskiy,RU,67.47,78.7,52.25,87,0,3.67,clear sky
122,Khatanga,RU,71.97,102.5,54.18,58,4,6.26,clear sky
123,Bastrop,US,32.76,-91.87,87.8,66,1,6.93,clear sky
124,Nefteyugansk,RU,61.1,72.6,59.0,100,40,2.24,light intensity shower rain
125,Tawang,IN,27.58,91.87,54.95,76,88,1.48,overcast clouds
126,Barrow,US,71.29,-156.79,37.4,74,90,9.17,overcast clouds
127,Cheyenne,US,41.14,-104.82,72.0,32,1,14.99,clear sky
128,Shimoda,JP,34.67,138.95,73.99,94,0,1.01,clear sky
129,Makakilo City,US,21.35,-158.09,80.6,69,75,4.7,broken clouds
130,Mandalgovi,MN,45.76,106.27,52.88,75,100,8.34,overcast clouds
131,Broome,US,42.25,-75.83,77.0,77,90,3.36,overcast clouds
132,Qaqortoq,GL,60.72,-46.03,60.8,36,75,25.28,broken clouds
133,Beyneu,KZ,45.32,55.2,79.0,22,100,13.18,overcast clouds
134,Bluff,NZ,-46.6,168.33,45.0,72,54,11.01,broken clouds
135,Kodiak,US,57.79,-152.41,57.2,67,1,9.17,clear sky
136,Sungaipenuh,ID,-2.08,101.38,64.02,92,66,1.63,broken clouds
137,Nantucket,US,41.28,-70.1,75.2,73,1,10.29,clear sky
138,Nome,US,64.5,-165.41,54.0,87,90,3.36,overcast clouds
139,Bambous Virieux,MU,-20.34,57.76,71.6,73,20,10.29,few clouds
140,Constitucion,CL,-35.33,-72.42,50.77,83,100,13.53,light rain
141,Concepcion,CL,-36.83,-73.05,51.8,81,90,20.8,overcast clouds
142,Jieshi,CN,22.81,115.83,81.75,82,98,3.96,overcast clouds
143,Porto Novo,BJ,6.5,2.6,78.8,83,40,13.87,scattered clouds
144,Dandong,CN,40.13,124.39,68.95,96,61,1.34,broken clouds
145,Tabuk,PH,17.42,121.44,75.18,82,95,1.3,overcast clouds
146,Broken Hill,AU,-31.95,141.43,46.4,52,0,5.82,clear sky
147,Butaritari,KI,3.07,172.79,82.35,74,100,14.32,overcast clouds
148,Chuy,UY,-33.7,-53.46,62.37,88,79,7.61,broken clouds
149,Tuatapere,NZ,-46.13,167.68,45.0,72,0,11.01,clear sky
150,Nampula,MZ,-15.12,39.27,75.2,64,0,12.75,clear sky
151,Karratha,AU,-20.74,116.85,77.63,28,0,9.15,clear sky
152,Taoudenni,ML,22.68,-3.98,105.15,7,0,10.02,clear sky
153,Batagay-Alyta,RU,67.8,130.41,39.87,69,73,0.85,broken clouds
154,Roma,US,43.21,-75.46,72.0,64,90,11.41,overcast clouds
155,Luwuk,ID,-0.95,122.79,75.6,78,11,6.93,few clouds
156,Saldanha,ZA,-33.01,17.94,51.8,81,19,4.7,few clouds
157,Gondanglegi,ID,-7.75,112.01,74.97,82,9,15.23,clear sky
158,Paamiut,GL,61.99,-49.67,47.82,95,100,8.23,moderate rain
159,Humaita,BR,-7.51,-63.02,100.69,30,73,2.98,broken clouds
160,Cesvaine,LV,56.97,26.32,50.81,80,35,3.62,scattered clouds
161,Clearwater,US,27.97,-82.8,91.99,59,40,8.05,scattered clouds
162,Ruteng,ID,-8.61,120.47,59.13,100,22,2.21,few clouds
163,Kargil,IN,34.57,76.1,54.43,53,50,6.64,scattered clouds
164,Yar,RU,58.25,52.1,60.75,91,100,6.24,light rain
165,Magadan,RU,59.57,150.8,44.1,71,82,9.48,broken clouds
166,Lebu,CL,-37.62,-73.65,49.3,94,100,7.76,moderate rain
167,Vila Velha,BR,-20.33,-40.29,78.01,73,20,8.05,few clouds
168,Benguela,AO,-12.58,13.41,67.55,82,83,5.3,broken clouds
169,Bac Lieu,VN,9.29,105.72,80.04,85,9,7.63,light rain
170,Pisco,PE,-13.7,-76.22,64.99,77,75,8.05,broken clouds
171,Merritt Island,US,28.54,-80.67,95.0,59,20,6.93,few clouds
172,Saskylakh,RU,71.92,114.08,50.4,69,22,2.66,few clouds
173,Puerto Ayora,EC,-0.74,-90.35,73.4,69,40,21.92,scattered clouds
174,Pacific Grove,US,36.62,-121.92,66.2,68,40,6.93,scattered clouds
175,Severo-Kurilsk,RU,50.68,156.12,49.12,80,67,6.98,broken clouds
176,Dyurtyuli,RU,55.49,54.87,65.23,74,100,9.89,overcast clouds
177,Mananjary,MG,-21.22,48.33,68.83,89,1,6.38,clear sky
178,Beisfjord,NO,68.38,17.6,48.2,87,75,17.22,light intensity shower rain
179,Jalu,LY,29.03,21.55,85.19,30,0,4.05,clear sky
180,Gat,IL,31.61,34.76,82.0,28,0,6.08,clear sky
181,Hambantota,LK,6.12,81.12,78.8,94,40,5.82,scattered clouds
182,Bar Harbor,US,44.39,-68.2,75.99,38,20,6.93,few clouds
183,Brae,GB,60.4,-1.35,51.8,71,75,10.29,broken clouds
184,Gimli,CA,50.63,-96.99,72.0,99,2,10.0,clear sky
185,Pakxan,LA,18.38,103.66,76.1,95,100,1.07,light rain
186,Buala,SB,-8.14,159.59,80.29,78,95,4.88,overcast clouds
187,Avesta,SE,60.15,16.17,52.0,84,58,3.85,broken clouds
188,Port Macquarie,AU,-31.43,152.92,46.99,80,0,6.93,clear sky
189,Adelaide,AU,-34.93,138.6,57.99,60,0,1.01,clear sky
190,Llandrindod Wells,GB,52.24,-3.38,54.0,85,100,4.0,overcast clouds
191,Tiksi,RU,71.69,128.87,41.65,81,28,8.14,scattered clouds
192,Port Hedland,AU,-20.32,118.57,66.2,63,0,9.17,clear sky
193,Kpandae,GH,8.47,-0.01,76.21,84,91,6.06,overcast clouds
194,Mayo,US,38.89,-76.51,91.99,55,75,6.93,broken clouds
195,Ati,TD,13.22,18.34,81.0,70,73,7.94,light rain
196,Gazli,UZ,40.13,63.45,74.32,28,0,13.35,clear sky
197,Avarua,CK,-21.21,-159.78,73.4,83,86,5.82,overcast clouds
198,Sept-Iles,CA,50.2,-66.38,62.01,51,75,17.22,broken clouds
199,Gorontalo,ID,0.54,123.06,74.88,85,1,3.94,clear sky
200,Dzhebariki-Khaya,RU,62.22,135.8,38.62,73,0,1.12,clear sky
201,Iqaluit,CA,63.75,-68.51,55.4,47,75,5.82,broken clouds
202,Okhotsk,RU,59.38,143.3,49.12,80,98,5.61,overcast clouds
203,Parintins,BR,-2.63,-56.74,94.17,41,100,1.12,overcast clouds
204,Bahia Blanca,AR,-38.72,-62.27,64.9,46,92,10.89,overcast clouds
205,Marzuq,YE,14.4,46.47,86.0,37,43,6.78,scattered clouds
206,Dukat,RU,62.55,155.55,36.91,90,100,5.91,overcast clouds
207,Koster,ZA,-25.86,26.9,60.49,39,90,6.15,overcast clouds
208,Sal Rei,CV,16.18,-22.92,84.2,70,20,12.75,few clouds
209,Pervomaysk,UA,48.04,30.85,63.19,60,0,5.35,clear sky
210,Vila,PT,42.03,-8.16,62.01,70,61,3.0,broken clouds
211,Bathsheba,BB,13.22,-59.52,87.8,66,40,19.46,shower rain
212,Mangit,UZ,40.6,70.96,68.0,64,0,6.93,clear sky
213,Honiara,SB,-9.43,159.95,75.2,94,75,2.24,broken clouds
214,Dwarka,IN,22.24,68.97,82.08,84,100,14.5,overcast clouds
215,Fairbanks,US,64.84,-147.72,51.01,93,90,1.54,light rain
216,Ubinskoye,RU,55.31,79.68,54.55,91,42,5.3,scattered clouds
217,Mount Isa,AU,-20.73,139.5,66.2,39,0,8.05,clear sky
218,Druzhba,UA,52.04,33.95,57.33,95,61,5.75,broken clouds
219,Ekhabi,RU,53.51,142.97,46.06,94,0,6.51,clear sky
220,Port Hawkesbury,CA,45.62,-61.35,68.0,52,1,18.34,clear sky
221,Ljubuski,BA,43.2,17.55,80.6,54,0,4.7,clear sky
222,Kaeo,NZ,-35.1,173.78,52.56,85,0,6.2,clear sky
223,Sawakin,SD,19.11,37.33,90.37,52,4,5.08,clear sky
224,Sorland,NO,67.67,12.69,46.4,87,75,2.24,shower rain
225,Carnarvon,AU,-24.87,113.63,64.4,93,28,12.75,scattered clouds
226,Narsaq,GL,60.92,-46.05,60.8,36,75,25.28,broken clouds
227,Krasnovishersk,RU,60.41,57.08,56.1,83,80,4.25,broken clouds
228,Mar Del Plata,AR,-38.0,-57.56,62.6,55,0,8.05,clear sky
229,Faanui,PF,-16.48,-151.75,76.51,80,10,21.85,clear sky
230,Halmstad,SE,56.67,12.86,59.0,87,75,9.17,broken clouds
231,Bandarbeyla,SO,9.49,50.81,75.97,80,27,31.32,scattered clouds
232,Uppsala,SE,60.0,17.75,55.4,87,80,5.82,light intensity shower rain
233,Saint-Francois,FR,46.42,3.91,64.4,72,23,8.05,light rain
234,Ribeira Grande,PT,38.52,-28.7,77.0,88,75,12.75,broken clouds
235,Jamestown,US,42.1,-79.24,77.0,78,90,8.05,overcast clouds
236,Azul,AR,-36.78,-59.86,64.99,68,99,1.01,overcast clouds
237,Chernyshevskiy,RU,63.01,112.47,50.61,56,100,6.8,overcast clouds
238,Plouzane,FR,48.38,-4.62,59.0,87,0,9.17,clear sky
239,Najran,SA,17.49,44.13,91.4,19,40,4.7,scattered clouds
240,Svetlogorsk,BY,52.63,29.73,57.96,88,81,3.29,broken clouds
241,Novyy Buh,UA,47.69,32.52,64.4,48,0,4.47,clear sky
242,Takanosu,JP,40.22,140.37,74.21,89,24,0.94,few clouds
243,Rantauprapat,ID,2.1,99.83,75.13,85,97,1.79,overcast clouds
244,Tambura,SS,5.6,27.47,71.17,94,86,2.08,light rain
245,Kahului,US,20.89,-156.47,82.4,58,20,20.8,few clouds
246,Carutapera,BR,-1.2,-46.02,83.97,70,100,9.91,light rain
247,Cantagallo,CO,7.38,-73.92,89.6,59,40,3.36,scattered clouds
248,San Cristobal,VE,7.77,-72.22,91.4,52,20,13.87,few clouds
249,Ilulissat,GL,69.22,-51.1,46.4,45,20,11.41,few clouds
250,Vanimo,PG,-2.67,141.3,79.05,83,100,5.7,moderate rain
251,Deputatskiy,RU,69.3,139.9,31.5,99,80,1.88,broken clouds
252,Havoysund,NO,71.0,24.66,46.4,75,75,14.99,broken clouds
253,Senanga,ZM,-16.12,23.27,74.97,36,0,4.56,clear sky
254,Shu,KZ,43.6,73.76,73.99,43,0,1.99,clear sky
255,Athabasca,CA,54.72,-113.29,64.54,59,100,5.14,overcast clouds
256,Piacabucu,BR,-10.41,-36.43,77.56,75,100,10.56,overcast clouds
257,College,US,64.86,-147.8,52.0,93,90,3.36,light rain
258,Bay Roberts,CA,47.6,-53.26,66.0,60,50,18.37,scattered clouds
259,Barstow,US,34.9,-117.02,93.2,13,1,3.36,clear sky
260,Hobyo,SO,5.35,48.53,77.14,82,100,25.75,overcast clouds
261,Kendari,ID,-3.94,122.5,72.12,89,22,1.97,few clouds
262,Ponta Do Sol,PT,32.67,-17.1,73.0,71,0,6.04,clear sky
263,Durant,US,33.99,-96.37,98.6,39,1,12.75,clear sky
264,Longyearbyen,SJ,78.22,15.64,33.8,93,90,8.05,overcast clouds
265,Manama,BH,26.22,50.58,95.0,63,100,6.93,overcast clouds
266,Huarmey,PE,-10.07,-78.15,69.22,64,4,12.37,clear sky
267,Husavik,IS,66.04,-17.34,53.6,71,75,9.17,broken clouds
268,Lavrentiya,RU,65.58,-171.0,48.65,78,91,3.27,overcast clouds
269,Acajutla,SV,13.59,-89.83,80.01,83,40,3.36,scattered clouds
270,Victor Harbor,AU,-35.57,138.62,57.0,58,0,8.32,clear sky
271,Lensk,RU,60.73,114.93,55.85,68,100,2.37,overcast clouds
272,Uvalde,US,29.37,-99.77,100.99,39,1,8.05,clear sky
273,Drayton Valley,CA,53.22,-114.99,64.99,59,69,11.01,broken clouds
274,Bonavista,CA,48.65,-53.11,62.01,69,38,17.0,scattered clouds
275,Beloha,MG,-25.17,45.05,76.78,48,26,5.93,scattered clouds
276,Talnakh,RU,69.49,88.4,55.4,71,97,4.47,overcast clouds
277,Salta,AR,-24.79,-65.41,86.0,20,53,12.75,broken clouds
278,Shitanjing,CN,39.23,106.34,70.52,29,100,4.56,overcast clouds
279,Calama,CL,-22.47,-68.93,69.8,19,0,14.99,clear sky
280,Olafsvik,IS,64.89,-23.71,51.89,84,100,15.21,light rain
281,Tierranueva,MX,21.68,-100.57,79.16,45,78,7.43,broken clouds
282,Phulabani,IN,20.47,84.23,72.63,88,97,5.06,overcast clouds
283,Boguchany,RU,58.38,97.45,52.38,91,19,1.97,few clouds
284,Parabel,RU,58.7,81.48,53.4,92,99,5.28,overcast clouds
285,Victoria,HK,22.29,114.16,84.0,74,96,3.0,overcast clouds
286,Upernavik,GL,72.79,-56.15,41.27,67,0,14.25,clear sky
287,Chernyy Yar,RU,48.06,46.11,70.9,65,100,5.84,overcast clouds
288,Andenes,NO,69.31,16.12,48.2,76,75,5.82,broken clouds
289,Cabo San Lucas,MX,22.89,-109.91,82.4,69,90,11.41,overcast clouds
290,Esna,EG,25.29,32.55,87.8,31,0,5.82,clear sky
291,Caravelas,BR,-17.71,-39.25,76.32,63,0,5.91,clear sky
292,Shahrud,IR,36.42,54.98,63.93,36,0,6.04,clear sky
293,Geraldton,AU,-28.77,114.6,60.8,72,90,14.99,overcast clouds
294,Kennett,US,36.24,-90.06,75.2,100,90,13.87,overcast clouds
295,Liwale,TZ,-9.77,37.93,71.19,65,1,5.12,clear sky
296,Tshikapa,CD,-6.42,20.8,80.33,55,2,2.01,clear sky
297,Kwinana,AU,-32.25,115.77,57.99,62,40,19.46,scattered clouds
298,Poya,NC,-21.35,165.15,66.92,89,100,6.93,light rain
299,Araouane,ML,18.9,-3.53,104.49,15,0,6.89,clear sky
300,Port Moresby,PG,-9.44,147.18,75.2,100,40,11.41,scattered clouds
301,Omboue,GA,-1.57,9.26,75.27,83,100,10.31,overcast clouds
302,Kulhudhuffushi,MV,6.62,73.07,82.71,75,3,10.22,light rain
303,Dingli,MT,35.86,14.38,80.01,83,0,3.36,clear sky
304,Odienne,CI,9.51,-7.57,73.78,92,100,3.65,moderate rain
305,Buin,CL,-33.73,-70.75,53.6,66,75,2.24,broken clouds
306,Fukue,JP,32.69,128.84,81.66,87,0,14.65,light rain
307,Zemetchino,RU,53.5,42.62,61.54,86,100,3.74,light rain
308,Thompson,CA,55.74,-97.86,57.2,82,75,6.58,broken clouds
309,Lindas,NO,60.74,5.16,59.0,72,0,6.42,clear sky
310,Sandur,IN,15.1,76.55,73.2,81,100,13.06,overcast clouds
311,Hovd,MN,48.01,91.64,52.23,67,100,2.44,overcast clouds
312,Kavieng,PG,-2.57,150.8,81.03,82,93,12.88,light rain
313,Taitung,TW,22.76,121.14,81.16,72,100,2.91,overcast clouds
314,Grand Gaube,MU,-20.01,57.66,71.01,74,0,3.0,clear sky
315,Lola,GN,7.8,-8.53,71.1,95,100,4.72,moderate rain
316,Akyab,MM,20.15,92.9,81.37,85,94,3.22,light rain
317,Coquimbo,CL,-29.95,-71.34,57.2,67,0,12.75,clear sky
318,Noumea,NC,-22.28,166.46,71.01,93,90,3.36,overcast clouds
319,Sergeyevka,KZ,53.88,67.42,63.77,86,100,7.49,light rain
320,Progreso,MX,21.28,-89.67,95.0,63,75,13.87,broken clouds
321,Roald,NO,62.58,6.13,57.0,76,75,17.22,broken clouds
322,Scarborough,GB,54.28,-0.4,52.0,90,100,11.01,overcast clouds
323,Honningsvag,NO,70.98,25.97,46.4,65,98,5.82,overcast clouds
324,Ivybridge,GB,50.39,-3.92,61.0,98,98,4.0,overcast clouds
325,Ler,SS,8.3,30.14,75.04,85,100,1.99,overcast clouds
326,Richards Bay,ZA,-28.78,32.04,67.44,75,95,4.16,overcast clouds
327,Mackenzie,CA,55.3,-123.17,59.0,72,1,10.29,clear sky
328,Biak,ID,-0.91,122.88,75.6,81,11,8.61,few clouds
329,Mahon,ES,39.89,4.27,78.8,83,0,5.82,clear sky
330,Xichang,CN,27.9,102.26,67.66,74,98,0.27,overcast clouds
331,Sao Joao Da Barra,BR,-21.64,-41.05,78.8,65,20,16.11,few clouds
332,Plettenberg Bay,ZA,-34.05,23.37,55.4,74,55,12.44,broken clouds
333,Usinsk,RU,65.99,57.53,45.48,74,7,8.46,clear sky
334,Rongcheng,CN,30.63,117.85,70.57,86,0,1.1,clear sky
335,Porto Velho,BR,-8.76,-63.9,98.6,35,40,3.36,scattered clouds
336,Cidreira,BR,-30.18,-50.21,68.95,73,51,3.44,broken clouds
337,Pedasi,PA,7.53,-80.03,81.9,76,3,9.17,light rain
338,Portland,US,45.52,-122.68,73.99,53,1,4.7,clear sky
339,Kenai,US,60.55,-151.26,57.0,81,1,4.7,clear sky
340,Port Lincoln,AU,-34.73,135.87,58.6,45,0,16.11,clear sky
341,Seoul,KR,37.57,126.98,78.8,94,75,1.05,broken clouds
342,Yar-Sale,RU,66.83,70.83,58.23,73,100,1.1,overcast clouds
343,Gidam,IN,18.98,81.4,72.0,93,100,3.29,overcast clouds
344,Oranjemund,NA,-28.55,16.43,55.71,79,0,11.1,clear sky
345,Ilawe,NG,7.87,4.43,80.6,78,100,5.75,overcast clouds
346,Ponta Delgada,PT,37.73,-25.67,77.0,83,20,14.99,few clouds
347,Ulaanbaatar,MN,47.91,106.88,50.0,87,20,2.24,few clouds
348,Waipawa,NZ,-41.41,175.52,55.4,76,100,18.34,overcast clouds
349,Altamont,US,42.21,-121.74,79.0,16,1,3.36,clear sky
350,Yulara,AU,-25.24,130.99,59.0,22,0,8.05,clear sky
351,Saint George,US,37.1,-113.58,96.8,13,1,5.82,clear sky
352,Bentiu,SS,9.23,29.83,75.34,82,96,1.86,overcast clouds
353,Inuvik,CA,68.35,-133.72,50.0,61,20,8.05,few clouds
354,Neepawa,CA,50.23,-99.47,71.6,46,75,20.8,broken clouds
355,Sorong,ID,-0.88,131.25,77.95,84,100,12.3,light rain
356,Tanete,ID,-3.94,119.78,73.96,90,3,6.96,clear sky
357,Kaohsiung,TW,22.62,120.31,79.0,88,40,2.24,scattered clouds
358,Vanderhoof,CA,54.02,-124.02,55.15,74,100,8.03,light rain
359,Mollendo,PE,-17.02,-72.01,62.69,75,91,9.78,overcast clouds
360,Klaksvik,FO,62.23,-6.59,48.2,76,100,9.17,light rain
361,Kushima,JP,31.46,131.23,78.01,94,24,4.0,few clouds
362,Punta Alta,AR,-38.88,-62.07,62.71,51,92,11.63,overcast clouds
363,San Marcos,US,33.14,-117.17,93.0,61,1,8.05,clear sky
364,Marfino,RU,55.7,37.38,60.8,82,89,8.95,overcast clouds
365,Fortuna,US,40.6,-124.16,69.01,72,1,8.05,clear sky
366,Gwanda,ZW,-20.93,29.0,76.19,20,86,3.15,overcast clouds
367,Sao Lourenco Do Sul,BR,-31.37,-51.98,64.4,93,40,5.82,scattered clouds
368,Alice Springs,AU,-23.7,133.88,44.6,30,0,4.7,clear sky
369,Vredendal,ZA,-31.67,18.5,54.39,79,100,9.91,light rain
370,Mattru,SL,7.62,-11.83,74.1,92,100,3.42,light rain
371,Cap Malheureux,MU,-19.98,57.61,71.01,74,0,3.0,clear sky
372,Almaznyy,RU,48.04,40.05,69.8,68,0,8.95,clear sky
373,Maceio,BR,-9.67,-35.74,80.6,74,75,10.29,broken clouds
374,Kaniama,CD,-7.57,24.18,76.93,57,52,0.51,broken clouds
375,Vammala,FI,61.33,22.9,51.8,76,91,1.12,overcast clouds
376,Pontiac,US,42.64,-83.29,77.0,83,75,3.36,broken clouds
377,Darovskoy,RU,58.77,47.96,59.72,95,100,5.91,light rain
378,Mangai,CD,-4.05,19.53,77.32,68,100,1.79,overcast clouds
379,Tirumullaivasal,IN,11.23,79.83,82.22,79,98,12.86,light rain
380,Severodvinsk,RU,64.56,39.83,48.2,93,20,4.47,few clouds
381,Kruisfontein,ZA,-34.0,24.73,53.08,69,0,9.89,clear sky
382,Matara,LK,5.95,80.54,79.97,82,94,10.71,overcast clouds
383,Esperance,AU,-33.87,121.9,57.2,82,38,19.46,scattered clouds
384,Karpathos,GR,35.51,27.21,75.2,83,20,11.41,few clouds
385,Vila Do Maio,CV,15.13,-23.22,84.2,74,75,4.7,broken clouds
386,Sinnamary,GF,5.38,-52.95,83.41,74,49,6.67,light rain
387,Klyuchi,RU,52.27,79.17,59.0,71,0,3.27,clear sky
388,Dimona,IL,31.07,35.03,75.0,28,0,6.73,clear sky
389,Rawson,AR,-43.3,-65.1,53.26,37,0,25.79,clear sky
390,Owings Mills,US,39.42,-76.78,87.01,66,95,6.24,overcast clouds
391,Kuantan,MY,3.81,103.33,78.8,94,20,3.65,few clouds
392,Margate,GB,51.38,1.39,61.0,86,95,5.99,light rain
393,Mareeba,AU,-17.0,145.43,69.8,68,90,17.22,overcast clouds
394,Mehamn,NO,71.04,27.85,44.6,75,20,11.41,few clouds
395,Kimberley,ZA,-28.73,24.76,55.4,26,0,8.05,clear sky
396,Koygorodok,RU,60.45,51.0,58.12,96,100,6.49,light rain
397,Torbay,CA,47.67,-52.73,66.2,48,75,20.8,broken clouds
398,Nanortalik,GL,60.14,-45.24,49.59,78,100,20.2,moderate rain
399,Bambari,CF,5.77,20.68,72.73,92,100,2.1,overcast clouds
400,Namatanai,PG,-3.67,152.43,77.56,81,63,6.31,light rain
401,Mahebourg,MU,-20.41,57.7,71.6,73,20,10.29,few clouds
402,Port Augusta,AU,-32.5,137.77,48.0,70,0,5.82,clear sky
403,Byron Bay,AU,-28.65,153.62,53.01,81,57,6.93,broken clouds
404,Maunabo,PR,18.01,-65.9,89.01,72,24,8.01,few clouds
405,Muravlenko,RU,63.79,74.52,55.38,92,78,4.9,broken clouds
406,Gigmoto,PH,13.78,124.39,80.58,83,100,3.98,overcast clouds
407,Haysyn,UA,48.81,29.39,59.83,74,0,3.74,clear sky
408,Khorinsk,RU,52.17,109.77,54.9,92,100,7.56,moderate rain
409,Goderich,CA,43.75,-81.72,75.99,72,100,3.47,overcast clouds
410,Tavricheskoye,RU,54.59,73.64,59.0,67,94,4.47,overcast clouds
411,Gachala,CO,4.69,-73.52,87.8,58,20,4.7,few clouds
412,Vostok,RU,46.49,135.88,59.77,100,100,3.29,light rain
413,Komsomolskiy,UZ,40.43,71.72,68.0,64,0,6.93,clear sky
414,Hvide Sande,DK,56.0,8.13,57.99,78,100,3.0,light rain
415,Turbat,PK,26.0,63.04,87.69,57,0,11.56,clear sky
416,Namibe,AO,-15.2,12.15,60.85,80,7,11.99,clear sky
417,Kamenka,RU,51.32,42.77,62.83,81,100,7.72,overcast clouds
418,Tabou,CI,4.42,-7.35,76.55,85,8,9.71,clear sky
419,Old Shinyanga,TZ,-3.55,33.4,77.4,31,91,5.03,overcast clouds
420,Vila Franca Do Campo,PT,37.72,-25.43,77.0,83,20,14.99,few clouds
421,Yarada,IN,17.65,83.27,82.4,94,40,6.93,mist
422,Muros,ES,42.78,-9.06,64.99,69,0,3.0,clear sky
423,Vardo,NO,70.37,31.11,46.4,70,75,8.05,broken clouds
424,Ust-Kulom,RU,61.69,53.69,54.05,78,100,4.83,overcast clouds
425,Ketchikan,US,55.34,-131.65,57.2,82,75,17.22,broken clouds
426,Boundiali,CI,9.52,-6.49,73.29,95,100,4.72,moderate rain
427,Oistins,BB,13.07,-59.53,87.8,66,40,19.46,shower rain
428,Yumen,CN,40.28,97.2,59.11,49,100,11.77,overcast clouds
429,Nago,JP,26.59,127.98,80.6,94,40,7.7,scattered clouds
430,Suntar,RU,62.14,117.63,50.5,61,100,6.08,overcast clouds
431,Port-Gentil,GA,-0.72,8.78,77.0,83,90,17.0,overcast clouds
432,Hay River,CA,60.82,-115.8,55.4,87,75,3.36,broken clouds
433,Palana,RU,59.12,159.97,42.04,79,3,3.51,clear sky
434,Keti Bandar,PK,24.14,67.45,83.05,88,100,16.58,overcast clouds
435,Toowoomba,AU,-27.55,151.97,51.8,81,0,12.75,clear sky
436,Kieta,PG,-6.22,155.63,78.28,73,54,1.01,broken clouds
437,Thenzawl,IN,23.32,92.75,67.44,100,99,1.81,overcast clouds
438,Konongo,GH,6.62,-1.22,72.39,96,62,3.04,broken clouds
439,Merauke,ID,-8.47,140.33,77.14,78,100,17.67,overcast clouds
440,Sinop,TR,41.77,34.87,73.4,83,0,6.93,clear sky
441,Hervey Bay,AU,-25.3,152.85,54.0,81,0,8.05,clear sky
442,Morant Bay,JM,17.88,-76.41,89.6,70,20,17.22,few clouds
443,Gamba,GA,-2.65,10.0,74.61,87,100,9.33,overcast clouds
444,Kingston,JM,18.0,-76.79,89.6,70,20,17.22,few clouds
445,La Crosse,US,43.8,-91.24,87.8,55,1,11.41,clear sky
446,Zamoly,HU,47.32,18.41,77.0,60,28,5.82,scattered clouds
447,Xining,CN,36.62,101.77,58.42,69,100,3.38,overcast clouds
448,Matagami,CA,49.75,-77.63,60.8,55,90,4.21,overcast clouds
449,Moranbah,AU,-22.0,148.05,52.21,70,0,10.94,clear sky
450,Champerico,GT,14.3,-91.92,87.8,66,40,6.93,scattered clouds
451,Flinders,AU,-34.58,150.86,48.0,81,0,1.01,clear sky
452,Lahij,YE,13.17,44.58,89.62,41,25,7.2,scattered clouds
453,Dogondoutchi,NE,13.64,4.03,83.55,64,13,6.93,few clouds
454,Harper,LR,4.38,-7.72,76.93,83,31,9.93,scattered clouds
455,Save,BJ,8.04,2.49,76.1,82,81,5.48,broken clouds
456,Paralimni,CY,35.04,33.98,80.6,88,0,3.36,clear sky
457,Monrovia,LR,6.3,-10.8,77.0,94,75,6.93,broken clouds
458,Alyangula,AU,-13.85,136.42,73.4,49,75,3.36,broken clouds
459,Narayanganj,BD,23.62,90.5,82.4,74,75,10.29,moderate rain
460,Todos Santos,MX,23.45,-110.22,75.99,86,100,3.0,light rain
461,Barwadih,IN,23.83,84.12,74.25,85,11,2.75,few clouds
462,Praya,CV,14.92,-23.51,84.2,74,75,3.36,broken clouds
463,Tete,MZ,-16.16,33.59,82.71,34,0,3.42,clear sky
464,Tabriz,IR,38.08,46.29,77.0,36,0,6.93,clear sky
465,Heinola,FI,61.21,26.04,52.0,76,40,4.7,scattered clouds
466,Soloneshnoye,RU,51.65,84.32,51.21,86,43,1.95,scattered clouds
467,Tartagal,AR,-22.52,-63.8,84.7,37,24,5.61,few clouds
468,Peno,RU,56.93,32.74,52.43,98,30,5.21,scattered clouds
469,Fairview,US,40.81,-74.0,88.0,45,20,8.05,few clouds
470,Suez,EG,29.97,32.53,78.24,67,0,13.2,clear sky
471,San Quintin,MX,30.48,-115.95,79.02,62,4,10.89,clear sky
472,San Patricio,MX,19.22,-104.7,84.2,74,75,5.01,broken clouds
473,Padang,ID,-0.95,100.35,77.63,79,100,4.14,light rain
474,Saint-Pierre,RE,-21.34,55.48,69.8,73,90,3.36,overcast clouds
475,Newtownards,GB,54.59,-5.69,57.2,67,65,16.11,broken clouds
476,Laguna,US,38.42,-121.42,84.0,48,0,4.0,clear sky
477,Varberg,SE,57.11,12.25,55.0,92,100,8.01,overcast clouds
478,Altamira,BR,-3.2,-52.21,87.8,66,40,3.36,scattered clouds
479,Arenapolis,BR,-14.45,-56.85,107.26,9,87,4.18,overcast clouds
480,Rocha,UY,-34.48,-54.33,64.09,84,99,7.02,overcast clouds
481,Tura,IN,25.52,90.22,74.14,96,43,4.56,scattered clouds
482,Linhai,CN,28.85,121.12,75.99,99,90,4.0,overcast clouds
483,Holbaek,DK,55.72,11.72,59.0,93,95,1.99,overcast clouds
484,Biloela,AU,-24.42,150.5,49.17,63,0,5.48,clear sky
485,Povenets,RU,62.85,34.83,52.65,79,1,9.17,clear sky
486,Kaitangata,NZ,-46.28,169.85,43.0,70,66,5.99,broken clouds
487,Deniliquin,AU,-35.53,144.97,39.99,92,0,4.36,clear sky
488,Catio,GW,11.28,-15.25,79.16,82,100,8.08,light rain
489,Wangaratta,AU,-36.37,146.33,35.01,100,90,2.64,overcast clouds
490,Codrington,AU,-38.27,141.97,42.6,91,0,9.71,clear sky
491,Adrar,MR,20.5,-10.07,104.83,12,51,6.4,broken clouds
492,Kalemie,CD,-5.95,29.19,73.13,66,0,5.23,clear sky
493,Miri,MY,4.41,114.01,78.8,94,40,4.7,scattered clouds
494,Tonj,SS,7.27,28.68,73.69,90,86,0.6,overcast clouds
495,Rehoboth,NA,-23.32,17.08,48.43,42,0,10.27,clear sky
496,Moerai,PF,-22.43,-151.33,70.83,84,12,15.41,few clouds
497,Liuhe,CN,42.24,125.72,68.0,95,100,2.64,moderate rain
498,Paita,PE,-5.09,-81.11,75.2,60,40,12.75,scattered clouds
499,Nambucca Heads,AU,-30.65,153.0,46.99,87,0,7.23,clear sky
500,Planadas,CO,3.2,-75.65,93.2,32,40,4.7,scattered clouds
501,Isangel,VU,-19.55,169.27,73.4,88,75,5.82,broken clouds
502,Evensk,RU,61.95,159.23,45.16,77,0,11.23,clear sky
503,Halifax,CA,44.65,-63.57,75.2,33,75,14.99,broken clouds
504,Half Moon Bay,US,37.46,-122.43,77.0,77,40,3.36,scattered clouds
505,Kakching,IN,24.48,93.98,68.97,94,100,2.59,overcast clouds
506,Mabaruma,GY,8.2,-59.78,87.31,62,100,6.76,overcast clouds
507,Ayan,RU,56.45,138.17,53.89,58,0,13.58,clear sky
508,Kloulklubed,PW,7.04,134.26,77.0,88,75,6.76,broken clouds
509,Maputo,MZ,-25.97,32.59,86.0,37,20,9.17,few clouds
510,Mortka,RU,59.33,66.02,54.12,84,1,3.42,clear sky
511,Brownsville,US,25.9,-97.5,96.8,50,40,19.46,scattered clouds
512,Ylivieska,FI,64.08,24.55,55.0,77,0,3.47,clear sky
513,Hirara,JP,24.8,125.28,83.05,82,99,8.14,overcast clouds
514,Meulaboh,ID,4.14,96.13,76.39,88,100,4.32,light rain
515,Pushkino,RU,56.02,37.87,60.8,77,61,8.95,broken clouds
516,Zhangjiakou,CN,40.81,114.88,65.35,81,0,3.91,clear sky
517,Nenjiang,CN,49.18,125.22,59.34,77,100,14.85,overcast clouds
518,Maumere,ID,-8.62,122.21,76.69,64,12,4.59,few clouds
519,Hami,CN,42.8,93.45,70.09,34,100,3.15,overcast clouds
520,Luan,CH,46.36,6.98,62.6,100,75,2.24,heavy intensity rain
521,Sur,OM,22.57,59.53,83.46,67,100,12.82,overcast clouds
522,Sarakhs,IR,36.54,61.16,73.4,33,0,2.24,clear sky
523,Sidrolandia,BR,-20.93,-54.96,93.2,20,0,5.82,clear sky
524,Kangaatsiaq,GL,68.31,-53.46,44.85,64,37,16.73,scattered clouds
525,Petatlan,MX,17.52,-101.27,86.0,70,75,10.29,broken clouds
526,Soyo,AO,-6.13,12.37,72.45,85,80,10.71,broken clouds
527,Gushikawa,JP,26.35,127.87,80.6,94,40,9.22,scattered clouds
528,Sistranda,NO,63.73,8.83,53.6,76,20,9.17,few clouds
529,Kedrovyy,RU,56.17,91.82,51.8,100,37,2.24,fog
530,Antofagasta,CL,-23.65,-70.4,59.0,67,75,13.87,broken clouds
531,Fort Nelson,CA,58.81,-122.7,51.8,87,90,5.82,light intensity shower rain
532,Sulangan,PH,11.14,123.72,84.09,73,57,10.78,broken clouds
533,La Peca,PE,-5.61,-78.44,88.9,29,1,3.4,clear sky
534,Pangnirtung,CA,66.15,-65.71,50.0,81,20,10.29,few clouds
535,Marsh Harbour,BS,26.54,-77.06,84.88,73,100,4.59,moderate rain
536,Manoel Urbano,BR,-8.84,-69.26,100.78,24,36,2.33,scattered clouds
537,Petropavlovsk-Kamchatskiy,RU,53.05,158.65,48.2,100,90,6.93,light intensity shower rain
538,Skibbereen,IE,51.55,-9.27,59.0,62,75,16.11,broken clouds
539,Estevan,CA,49.13,-102.98,73.4,37,1,14.99,clear sky
540,Puerto Quijarro,BO,-17.78,-57.77,110.97,11,0,2.21,clear sky
541,Ghanzi,BW,-21.57,21.78,76.05,25,90,6.06,overcast clouds
542,Taltal,CL,-25.4,-70.48,62.91,52,22,7.36,few clouds
543,Tomatlan,MX,19.93,-105.25,83.17,81,100,6.44,moderate rain
544,Ucluelet,CA,48.93,-125.55,66.2,77,40,11.41,scattered clouds
545,La Asuncion,VE,11.03,-63.86,89.6,62,0,17.22,clear sky
546,Paraiso,CR,9.84,-83.87,82.4,51,40,6.93,shower rain
547,Bagdarin,RU,54.43,113.6,49.48,86,100,2.33,overcast clouds
548,San Andres,CO,12.58,-81.7,87.8,74,75,13.87,broken clouds
549,Esmeraldas,BR,-19.76,-44.31,80.6,41,0,10.29,clear sky
550,George,ZA,-33.96,22.46,51.8,93,100,6.93,overcast clouds
551,Lata,PT,40.16,-8.33,68.0,69,100,8.99,overcast clouds
552,Casino,AU,-28.87,153.05,50.0,93,40,4.7,scattered clouds
553,Sakaraha,MG,-22.9,44.53,71.13,53,8,3.24,clear sky
554,Lagos,NG,6.58,3.75,80.6,78,20,6.93,few clouds
555,Puerto Del Rosario,ES,28.5,-13.86,75.2,88,0,18.34,clear sky
556,Dingle,PH,11.0,122.67,75.63,88,100,3.13,overcast clouds
557,Zhangye,CN,38.93,100.45,58.89,59,100,16.91,light rain
558,Wajima,JP,37.4,136.9,81.97,80,3,3.49,light rain
559,Saint-Georges,GD,12.06,-61.75,91.4,63,40,20.8,scattered clouds
560,Seshcha,RU,53.74,33.34,53.26,95,4,6.46,clear sky
561,Praia Da Vitoria,PT,38.73,-27.07,80.6,69,20,2.59,few clouds
562,Toppenish,US,46.38,-120.31,82.0,33,1,3.91,clear sky
563,Polunochnoye,RU,60.87,60.42,50.23,92,4,1.9,clear sky
564,Poyarkovo,RU,49.6,128.68,58.84,83,76,5.88,broken clouds
565,Diffa,NE,13.32,12.61,87.87,53,88,8.3,overcast clouds
566,Seoni Malwa,IN,22.45,77.47,74.97,93,100,13.18,light rain
567,Charters Towers,AU,-20.1,146.27,54.91,76,0,10.58,clear sky
568,Qunduz,AF,36.73,68.86,69.39,36,0,1.5,clear sky
569,Takoradi,GH,4.88,-1.76,75.76,84,1,10.4,clear sky
570,Tezu,IN,27.92,96.17,76.66,73,100,2.86,overcast clouds
571,Bandarban,BD,22.2,92.23,74.55,97,100,2.91,overcast clouds
572,Itoman,JP,26.12,127.67,82.4,94,75,8.05,broken clouds
573,Bayanday,RU,53.07,105.51,52.65,94,100,2.42,overcast clouds
574,Talcahuano,CL,-36.72,-73.12,51.8,81,90,20.8,overcast clouds
575,Agrestina,BR,-8.46,-35.94,77.13,64,93,11.72,overcast clouds
576,Khorixas,NA,-20.37,14.97,52.39,50,0,10.11,clear sky
577,Khandyga,RU,62.67,135.6,39.49,70,0,2.13,clear sky
578,Vestmannaeyjar,IS,63.44,-20.27,50.0,87,75,20.8,broken clouds
579,Tokmak,UA,47.25,35.71,67.66,47,0,3.62,clear sky
580,Guerrero Negro,MX,27.98,-114.06,90.61,42,0,10.38,clear sky
581,Tabas,IR,33.6,56.92,80.6,14,0,4.7,clear sky
582,Hamina,FI,60.57,27.2,52.0,76,40,4.7,scattered clouds
583,Mersin,TR,36.86,34.65,80.6,94,0,2.24,clear sky
584,Sunrise Manor,US,36.21,-115.07,100.99,9,20,4.7,few clouds
585,Kez,RU,57.9,53.72,60.19,91,90,6.26,overcast clouds
586,Ambilobe,MG,-13.2,49.05,68.27,76,1,5.3,clear sky
587,Mali,GN,12.08,-12.3,86.0,66,75,6.93,broken clouds
588,Lisakovsk,KZ,52.54,62.49,70.43,57,98,6.29,overcast clouds
589,Qui Nhon,VN,13.77,109.23,79.48,76,91,6.22,overcast clouds
590,Itarema,BR,-2.92,-39.92,82.24,63,68,21.43,broken clouds
591,Haines Junction,CA,60.75,-137.51,47.34,83,100,3.6,light rain
592,Brownwood,US,31.71,-98.99,102.2,27,40,6.93,scattered clouds
593,Vidim,RU,56.41,103.11,54.64,94,99,2.91,overcast clouds
594,Timmins,CA,48.47,-81.33,62.6,63,90,4.7,overcast clouds
595,Kapit,MY,2.02,112.93,75.27,93,100,0.47,light rain
596,Saint-Augustin,CA,51.23,-58.65,61.99,54,21,15.97,light rain
597,Stabat,ID,3.76,98.45,74.32,94,100,2.84,light rain
598,Chancay,PE,-11.57,-77.27,64.4,77,90,10.29,overcast clouds
599,Kirensk,RU,57.79,108.11,56.57,95,100,3.06,moderate rain
600,Uige,AO,-7.61,15.06,70.27,83,49,3.02,scattered clouds
601,Nurota,UZ,40.56,65.69,75.2,44,0,9.17,clear sky
602,Rio Brilhante,BR,-21.8,-54.55,89.35,28,0,6.89,clear sky
603,Cabedelo,BR,-6.98,-34.83,82.4,69,75,13.87,broken clouds
604,Novobirilyussy,RU,56.95,90.67,50.41,91,52,3.02,broken clouds
605,Kirakira,SB,-10.45,161.92,79.45,83,100,11.27,moderate rain
606,Pekalongan,ID,-6.89,109.68,78.15,73,72,5.23,broken clouds
607,Medianeira,BR,-25.3,-54.09,89.6,24,0,13.87,clear sky
608,Ziarat,PK,30.38,67.73,62.13,60,0,2.39,clear sky
609,Tranas,SE,58.04,14.98,59.0,72,100,4.7,overcast clouds
610,Atar,MR,20.52,-13.05,105.8,18,93,13.87,overcast clouds
611,Chapais,CA,49.78,-74.85,60.8,48,75,5.82,broken clouds
612,Aguada De Pasajeros,CU,22.39,-80.85,91.4,66,1,9.17,clear sky
613,Catamarca,AR,-28.47,-65.79,84.0,26,0,1.01,clear sky
614,Yangambi,CD,0.81,24.43,72.99,88,54,1.43,broken clouds
615,Kuldiga,LV,56.97,21.96,55.4,87,14,2.3,few clouds
616,Dharchula,IN,29.85,80.53,68.59,76,49,0.74,light rain
617,Birin,NP,26.89,88.07,62.44,100,85,2.66,overcast clouds
618,Huangzhou,CN,30.45,114.8,78.8,69,0,11.18,clear sky
619,Lugus,PH,5.7,120.82,82.81,72,96,3.96,overcast clouds
620,Dunda,TZ,-8.12,34.25,65.77,52,7,2.91,clear sky
621,Beavercreek,US,39.71,-84.06,82.0,83,75,9.17,broken clouds
622,Lagoa,PT,39.05,-27.98,74.26,91,0,17.38,clear sky
623,Hofn,IS,64.25,-15.21,51.8,81,20,3.36,few clouds
624,Fougeres,FR,48.35,-1.2,59.0,87,100,6.93,light rain
625,Palmer,US,42.16,-72.33,80.01,47,75,12.75,broken clouds
626,Manavgat,TR,36.79,31.44,80.6,88,20,2.24,few clouds
627,Burnie,AU,-41.07,145.92,51.01,78,69,3.0,broken clouds
628,Sobolevo,RU,54.43,31.9,51.51,93,1,6.51,clear sky
629,Dibrugarh,IN,27.48,94.9,76.55,95,100,5.21,moderate rain
630,Turukhansk,RU,65.82,87.98,52.03,89,77,1.21,broken clouds
631,Sao Gabriel Da Cachoeira,BR,-0.13,-67.09,89.6,79,40,6.93,shower rain
632,Valdivia,CL,-39.81,-73.25,41.0,86,90,2.24,overcast clouds
633,Salalah,OM,17.02,54.09,75.2,100,90,3.36,drizzle
634,Tayshet,RU,55.93,98.0,51.91,87,81,1.99,broken clouds
635,Huitziltepec,MX,17.82,-99.47,82.0,65,5,1.01,clear sky
636,Naze,JP,28.37,129.48,78.8,100,4,2.24,light rain
637,Zhezkazgan,KZ,47.8,67.71,70.83,33,0,10.56,clear sky
638,Kroya,ID,-7.63,109.25,75.47,88,45,7.56,light rain
639,Terra Santa,BR,-2.1,-56.49,92.37,46,100,2.48,overcast clouds
640,Altay,CN,47.87,88.12,52.3,63,6,2.06,clear sky
641,Panaba,MX,21.28,-88.27,93.96,55,87,12.91,overcast clouds
642,Khuzhir,RU,53.19,107.34,54.07,93,99,12.91,overcast clouds
643,Babu,CN,24.42,111.52,75.99,72,19,1.43,few clouds
644,La Concordia,NI,13.2,-86.17,80.6,51,40,11.41,scattered clouds
645,Northam,GB,51.03,-4.22,57.0,80,92,11.01,overcast clouds
646,Abeche,TD,13.83,20.83,79.72,69,62,5.59,broken clouds
647,Santa Maria,BR,-29.68,-53.81,66.2,93,75,6.93,broken clouds
648,Koubia,GN,11.58,-11.9,70.88,93,100,2.35,light rain
649,Cristinapolis,BR,-11.48,-37.76,76.93,65,96,9.57,overcast clouds
650,Berlevag,NO,70.86,29.09,41.0,80,20,8.05,few clouds
651,Rio Gallegos,AR,-51.62,-69.22,37.4,44,40,36.91,scattered clouds
652,Nishihara,JP,26.18,127.76,82.4,94,75,8.05,broken clouds
653,Iracoubo,GF,5.48,-53.2,84.49,69,79,6.64,broken clouds
654,Kuah,MY,6.33,99.84,80.6,88,100,6.49,overcast clouds
655,Bonnyville,CA,54.27,-110.73,66.2,52,75,2.24,broken clouds
656,Rockhampton,AU,-23.38,150.5,57.2,76,0,6.93,clear sky
657,Invermere,CA,50.52,-116.04,70.0,36,0,4.0,clear sky
658,Daru,PG,-9.08,143.21,76.55,86,100,19.22,light rain
659,Kalmunai,LK,7.42,81.82,80.62,79,70,7.56,broken clouds
660,Juneau,US,58.3,-134.42,53.6,93,90,9.17,light rain
661,Khash,IR,28.22,61.22,68.27,24,100,2.42,overcast clouds
662,Marsabit,KE,2.33,37.99,70.48,48,0,20.71,clear sky
663,Raudeberg,NO,61.99,5.14,55.99,83,2,20.36,clear sky
664,Inhambane,MZ,-23.86,35.38,73.4,94,0,16.11,clear sky
665,Bilibino,RU,68.05,166.44,40.06,75,100,4.0,overcast clouds
666,Kouvola,FI,60.87,26.7,51.8,76,40,4.7,scattered clouds
667,Tucurui,BR,-3.77,-49.67,91.17,46,95,4.14,overcast clouds
668,Luba,GQ,3.46,8.55,75.97,82,100,2.62,overcast clouds
669,Matay,EG,28.42,30.78,85.64,41,0,20.49,clear sky
670,Sambava,MG,-14.27,50.17,72.34,76,62,12.41,broken clouds
671,Amiens,FR,49.9,2.3,57.99,87,0,6.93,clear sky
672,Santarem,BR,-2.44,-54.71,84.2,74,40,4.7,scattered clouds
673,Rio Grande,BR,-32.03,-52.1,64.4,93,40,5.82,scattered clouds
674,Huangmei,CN,30.19,116.03,72.97,90,0,4.27,light rain
675,Biltine,TD,14.53,20.92,83.28,65,97,5.17,light rain
676,Hamilton,US,39.18,-84.53,82.0,76,100,1.99,light rain
677,Udachnyy,RU,66.42,112.4,51.8,34,75,6.71,smoke
678,Gobabis,NA,-22.45,18.97,63.95,25,0,16.75,clear sky
679,Linqing,CN,36.85,115.71,72.39,84,0,4.43,light rain
680,Belaya Gora,RU,68.53,146.42,42.15,86,100,6.08,overcast clouds
681,Chiautla,MX,19.53,-98.88,71.6,49,40,4.7,scattered clouds
682,Lodwar,KE,3.12,35.6,89.91,33,1,7.0,clear sky
683,Quatre Cocos,MU,-20.21,57.76,71.6,73,20,10.29,few clouds
684,Tiznit,MA,29.58,-9.5,82.69,29,0,7.7,clear sky
685,Ternate,ID,0.8,127.4,79.47,80,90,5.41,light rain
686,Viedma,AR,-40.81,-63.0,59.0,41,76,4.0,broken clouds
687,Nyagan,RU,62.14,65.39,53.29,83,0,4.65,clear sky
688,Yishui,CN,35.78,118.63,68.83,92,0,3.36,clear sky
689,Chaoyang,CN,41.57,120.46,61.05,89,22,2.66,few clouds
690,Talas,TR,38.69,35.55,68.0,37,0,4.7,clear sky
691,Havelock,US,34.88,-76.9,91.4,55,75,13.87,broken clouds
692,Belawan,ID,3.78,98.68,76.59,90,100,4.79,light rain
693,Eirunepe,BR,-6.66,-69.87,95.02,36,100,0.81,overcast clouds
694,Kalakamati,BW,-20.59,27.31,77.0,22,75,6.93,broken clouds
695,Edd,ER,13.93,41.69,91.06,57,100,11.1,overcast clouds
696,Cockburn Town,TC,21.46,-71.14,87.8,66,40,11.41,scattered clouds
697,Sechura,PE,-5.56,-80.82,76.14,50,15,15.12,few clouds
698,Blessington,IE,53.17,-6.53,55.4,71,75,9.17,broken clouds
699,Domoni,KM,-12.26,44.53,73.96,76,70,2.84,broken clouds
700,Port Blair,IN,11.67,92.75,81.9,73,100,6.4,overcast clouds
701,Port Keats,AU,-14.25,129.55,68.54,41,0,10.42,clear sky
702,Nyurba,RU,63.28,118.33,48.61,58,100,6.31,overcast clouds
703,Galdar,ES,28.15,-15.65,82.0,65,6,28.86,clear sky
704,Estreito,BR,-5.78,-43.25,99.27,17,20,5.19,few clouds
705,Naryan-Mar,RU,67.67,53.09,41.97,79,0,5.64,clear sky
706,Leh,IN,34.17,77.58,56.07,43,0,5.46,clear sky
707,Russell,US,32.35,-85.2,90.0,62,40,5.82,scattered clouds
708,Lopatino,RU,52.62,45.81,62.91,75,100,4.79,moderate rain
709,Melaka,MY,2.2,102.24,78.8,88,20,6.08,few clouds
710,Kargasok,RU,59.06,80.86,56.1,85,99,6.71,overcast clouds
711,Rosetta,EG,31.4,30.42,80.6,78,40,8.05,scattered clouds
712,Aswan,EG,24.09,32.91,87.84,21,0,8.86,clear sky
713,Estelle,US,29.85,-90.11,93.99,75,75,18.34,broken clouds
714,Dir,PK,35.21,71.88,65.8,66,0,1.61,clear sky
715,Nouakchott,MR,18.09,-15.98,86.0,79,40,14.99,scattered clouds
716,San Policarpo,PH,12.18,125.51,79.66,85,100,9.46,overcast clouds
717,Shangqiu,CN,34.45,115.65,71.28,86,0,2.51,light rain
718,Nemuro,JP,43.32,145.57,67.96,93,4,8.28,clear sky
719,Manaia,NZ,-39.55,174.13,51.01,90,100,10.8,overcast clouds
720,Teguldet,RU,57.31,88.17,50.0,94,0,3.11,clear sky
721,Valenca,BR,-13.37,-39.07,77.79,66,56,6.04,broken clouds
722,Vavozh,RU,56.78,51.93,63.41,75,98,7.54,overcast clouds
723,Abu Kamal,SY,34.45,40.92,85.3,19,0,3.83,clear sky
724,Abnub,EG,27.27,31.15,86.0,42,0,12.75,clear sky
725,Guymon,US,36.68,-101.48,104.0,17,1,3.36,clear sky
726,Auki,SB,-8.77,160.7,77.92,84,100,3.69,overcast clouds
727,Lumphat,KH,13.49,106.98,73.38,97,100,0.47,light rain
728,Port Hardy,CA,50.7,-127.42,59.0,87,75,6.58,broken clouds
729,Repnoye,RU,51.59,43.19,63.37,81,100,7.25,light rain
730,Antalaha,MG,-14.9,50.28,68.99,81,2,7.74,clear sky
731,Nuevo Progreso,MX,23.17,-97.95,93.99,54,96,3.0,overcast clouds
732,Skjervoy,NO,70.03,20.97,46.4,75,99,5.82,overcast clouds
